year,sigma_log_gdp,n_regions
1986,,0
1987,,0
1988,,0
1989,,0
1990,,0
1991,,0
1992,,0
1993,,0
1994,,0
1995,,0
1996,,0
1997,,0
1998,,0
1999,,0
2000,,0
2001,,0
2002,,0
2003,,0
2004,,0
2005,,0
2006,,0
2007,,0
2008,,0
2009,,0
2010,,0
2011,,0
2012,,0
2013,,0
2014,,0
2015,,0
2016,0.7261631493,281
2017,0.737435959,285
2018,0.7487084379,285
2019,0.7451397987,285
2020,0.749733691,285
2021,0.7444511529,285
2022,0.6722674666,269
2023,0.6265829498,274
2024,,0
2025,,0
